KEY,Russian,English,German,Italian,French,Spanish,Japanese,Korean,Chinesetrad,Chinesesimple,Portuguese
camp_fire,Костёр,CampFire,Lagerfeuer,CampFire,Campfire,Hoguera,キャンプファイア,캠프 불,營火,营火,CampFire
camp_fire_descr,"На костре вы можете пожарить сырое мясо, рыбу и многое другое. Также костер согревает, освещает и защищает от диких животных. Чтобы использовать костер, разместите его на земле.","At camp fire you can fry raw meat, fish and much more. Also, a fire warms, illuminates and protects against wild animals. To use the Camp Fire, place it on the ground.","Am Lagerfeuer können Sie braten rohes Fleisch, Fisch und vieles mehr. Auch ein Feuer wärmt, erleuchtet und schützt vor wilden Tieren. Um das Lagerfeuer zu verwenden, legen Sie es auf den Boden.","Al campo di fuoco si può friggere la carne cruda, pesce e molto altro ancora. Inoltre, un fuoco riscalda, illumina e protegge contro gli animali selvatici. Per usare il Fuoco di accampamento, metterlo a terra.","Au feu de camp, vous pouvez faire frire la viande crue, le poisson et bien plus encore. En outre, un incendie se réchauffe, illumine et protège contre les animaux sauvages. Pour utiliser le feu Camp, placez-le sur le sol.","Al fuego de campamento se puede freír la carne cruda, pescado y mucho más. También, un fuego calienta, ilumina y protege contra los animales salvajes. Para utilizar el fuego del campo, colocarlo en el suelo.",キャンプファイヤーでは、あなたは生の肉、魚および大いに多くを炒めることができます。また、火災は、温め点灯し、野生動物を保護します。キャンプファイヤーを使用するには、地面の上に置きます。,"캠프 파이어에서 당신은 원시 고기, 생선 등을 볶는다 수 있습니다. 또한, 화재, 따뜻하게 조명 및 야생 동물 보호합니다. 캠프 파이어를 사용하려면, 지상에 배치합니다.",在篝火你可以炒生肉，魚等等。此外，起火溫暖，照亮並防止野生動物。要使用篝火，將其放置在地面上。,在篝火你可以炒生肉，鱼等等。此外，起火温暖，照亮并防止野生动物。要使用篝火，将其放置在地面上。,"No fogo do acampamento que você pode fritar a carne crua, peixe e muito mais. Além disso, um fogo aquece, ilumina e protege contra os animais selvagens. Para utilizar o Camp Fire, coloque-o no chão."
furnace,Печь,Furnace,Ofen,Forno,Four,Horno,ファーネス,노,爐,炉,Forno
furnace_descr,"Необходима для переплавки руды и получения угля. Чтобы использовать печь, разместите её на земле.","Required for melting the ore and producing coal. To use the furnace, place it on the ground.","Erforderlich das Erz zum Schmelzen und Herstellung von Kohle. Um den Ofen zu verwenden, legen Sie es auf den Boden.","Richiesto per la fusione del minerale e la produzione di carbone. Per utilizzare il forno, mettere a terra.","Nécessaire pour faire fondre le minerai et la production de charbon. Pour utiliser le four, placez-le sur le sol.","Requerida para fundir el mineral y la producción de carbón. Para utilizar el horno, colocarlo en el suelo.",鉱石を溶融し、石炭を生産するために必要です。炉を使用するには、地面の上に置きます。,"광석을 용융 및 석탄 생산에 필요합니다. 노를 사용하려면, 지상에 배치합니다.",需要熔化礦石和煤炭生產。要使用電爐，將其放置在地面上。,需要熔化矿石和煤炭生产。要使用电炉，将其放置在地面上。,"Necessário para derreter o minério e produção de carvão. Para usar o forno, coloque-o no chão."
bed,Кровать,Bed,Bett,Letto,Lit,Cama,ベッド,침대,床,床,Cama
bed_descr,"На кровати вы можете спать по ночам а также назначить её точкой респауна. Если вы будете спать в небезопасном месте на вас могут напасть. Чтобы использовать кровать, разместите её на земле.","On the bed you can sleep at night and assign it a point to respawn. If you sleep in an unsafe place you may be attacked. To use the bed, place it on the ground.","Auf dem Bett kann man nachts nicht schlafen und es einen Punkt zu respawnen zuweisen. Wenn Sie in einem unsicheren Ort schlafen können Sie angegriffen werden. Um das Bett zu verwenden, legen Sie es auf den Boden.","Sul letto si può dormire la notte e assegnare un punto di respawn. Se si dorme in un luogo non sicuro si può essere attaccato. Per utilizzare il letto, posto a terra.","Sur le lit, vous pouvez dormir la nuit et lui attribuer un point de respawn. Si vous dormez dans un endroit dangereux, vous pouvez être attaqué. Pour utiliser le lit, placez-le sur le sol.","En la cama se puede dormir por la noche y asignar un punto para reaparecer. Si duerme en un lugar inseguro puede ser atacado. Para utilizar la cama, colocarlo en el suelo.",ベッドの上であなたは夜寝るし、それを復活するためのポイントを割り当てることができます。あなたは危険な場所で眠る場合は、攻撃されることがあります。ベッドを使用するには、地面の上に置きます。,"침대에 당신은 밤에 잠을 부활하기 위해 그것에게 포인트를 할당 할 수 있습니다. 당신이 안전하지 않은 장소에서 잠을 경우 공격 할 수있다. 침대를 사용하려면, 지상에 배치합니다.",在床上你可以在晚上睡覺並為其分配一個點重生。如果您在不安全的地方睡覺，你可能會被攻擊。床上使用，將其放置在地面上。,在床上你可以在晚上睡觉并为其分配一个点重生。如果您在不安全的地方睡觉，你可能会被攻击。床上使用，将其放置在地面上。,"Na cama você pode dormir à noite e atribuir-lhe um ponto para reaparecer. Se você dormir em um lugar inseguro você pode ser atacado. Para usar a cama, coloque-o no chão."
tent,Палатка,Tent,Tent,Tent,Tent,Tent,Tent,Tent,Tent,Tent,Tent
tent_descr,"В палатке вы можете спать по ночам а также назначить её точкой респауна. Чтобы использовать палатку, разместите её на земле.","In tent you can sleep at night and assign it a point to respawn. To use the tent, place it on the ground.","In tent you can sleep at night and assign it a point to respawn. To use the tent, place it on the ground.","In tent you can sleep at night and assign it a point to respawn. To use the tent, place it on the ground.","In tent you can sleep at night and assign it a point to respawn. To use the tent, place it on the ground.","In tent you can sleep at night and assign it a point to respawn. To use the tent, place it on the ground.","In tent you can sleep at night and assign it a point to respawn. To use the tent, place it on the ground.","In tent you can sleep at night and assign it a point to respawn. To use the tent, place it on the ground.","In tent you can sleep at night and assign it a point to respawn. To use the tent, place it on the ground.","In tent you can sleep at night and assign it a point to respawn. To use the tent, place it on the ground.","In tent you can sleep at night and assign it a point to respawn. To use the tent, place it on the ground."
inventory_box,Ящик,Inventory box,Inventar-Box,scatola di inventario,boîte d'inventaire,cuadro de inventario,インベントリボックス,재고 상자,庫存箱,库存箱,caixa de inventário
inventory_box_descr,"В ящике вы можете хранить различные предметы. Чтобы использовать ящик, разместите его на земле.","In the inventory box you can store a variety of items. To use the inventory box, place it on the ground.","Im Inventar-Box können Sie eine Vielzahl von Produkten zu speichern. Um das Inventar-Box verwenden, legen Sie es auf den Boden.","Nella casella di inventario è possibile memorizzare una varietà di oggetti. Per utilizzare la casella di inventario, metterlo a terra.","Dans la zone d'inventaire, vous pouvez stocker une variété d'articles. Pour utiliser la boîte d'inventaire, placez-le sur le sol.","En el cuadro de inventario que puede almacenar una variedad de artículos. Para utilizar el cuadro de inventario, colocarlo en el suelo.",在庫ボックスでは、様々なアイテムを格納することができます。在庫ボックスを使用するには、地面の上に置きます。,"재고 상자에서는 다양한 아이템을 저장할 수 있습니다. 재고 상자를 사용하려면, 지상에 배치합니다.",在清單中，您可以存放各種物品。要使用庫存中，將其放置在地面上。,在清单中，您可以存放各种物品。要使用库存中，将其放置在地面上。,"Na caixa de inventário, você pode armazenar uma grande variedade de itens. Para usar a caixa de inventário, coloque-o no chão."
chest,Сундук,Chest,Brust,Petto,Poitrine,Pecho,胸,가슴,胸部,胸部,Peito
chest_descr,"В сундуке вы можете хранить различные предметы. Чтобы использовать сундук, разместите его на земле.","In the chest you can store a variety of items. To use the chest, place it on the ground.","In der Brust können Sie eine Vielzahl von Produkten zu speichern. Um die Brust zu verwenden, legen Sie es auf den Boden.","Nel petto è possibile memorizzare una varietà di oggetti. Per utilizzare il torace, posizionarlo sul terreno.","Dans le coffre, vous pouvez stocker une variété d'articles. Pour utiliser la poitrine, placez-le sur le sol.","En el pecho que puede almacenar una variedad de artículos. Para utilizar el pecho, colocarlo en el suelo.",胸では、様々なアイテムを格納することができます。胸を使用するには、地面の上に置きます。,"가슴에서는 다양한 아이템을 저장할 수 있습니다. 가슴을 사용하려면, 지상에 배치합니다.",在胸部可以存儲多種物品。要使用胸部，將其放置在地面上。,在胸部可以存储多种物品。要使用胸部，将其放置在地面上。,"No peito você pode armazenar uma grande variedade de itens. Para usar o peito, coloque-o no chão."
wood_resource,Дерево,Wood,Holz,Legna,Bois,Madera,木材,목재,木,木,Madeira
wood_resource_descr,Базовый ресурс для крафта,Basic resource for crafting,Grund Ressource zum Basteln,risorsa di base per la lavorazione,ressources de base pour l'artisanat,recurso básico para la elaboración de,クラフトのための基本的なリソース,공예의 기본 자원,為起草基本資源,为起草基本资源,recurso básico para a elaboração de
stone_resource,Камень,Stone,Stein,Pietra,Pierre,Piedra,石,돌,石,石,Pedra
stone_resource_descr,Базовый ресурс для крафта,Basic resource for crafting,Grund Ressource zum Basteln,risorsa di base per la lavorazione,ressources de base pour l'artisanat,recurso básico para la elaboración de,クラフトのための基本的なリソース,공예의 기본 자원,為起草基本資源,为起草基本资源,recurso básico para a elaboração de
fiber_resource,Волокно,Fiber,Faser,Fibra,Fibre,Fibra,ファイバ,섬유,纖維,纤维,Fibra
medicinal_plant,Лекарственное растение,Medicinal plant,Heilpflanze,pianta medicinale,plantes médicinales,Planta medicinal,薬用植物,약용 식물,藥用植物,药用植物,planta medicinal
fur,Мех,Fur,Pelz,Pelliccia,Fourrure,Pelaje,毛皮,모피,毛皮,毛皮,Pele
lead_ore,Свинцовая руда,Lead ore,Bleierz,minerale di piombo,Minerai de plomb,Mineral de plomo,鉛鉱石,납 광석,鉛礦,铅矿,minério de chumbo
leather,Кожа,Leather,Leder,Pelle,Cuir,Cuero,レザー,가죽,皮革,皮革,Couro
metal_ore,Металлическая руда,Metal ore,Metallerz,minerali metallici,minerai métallique,de minerales metálicos,金属鉱石,금속 광석,金屬礦,金属矿,minério metálico
stick,Ветка,Stick,Stock,Bacchetta,Bâton,Palo,スティック,스틱,棒,棒,Vara
sulfur_ore,Серная руда,Sulfur ore,Schwefel Erz,minerale di zolfo,minerai de soufre,mineral de sulfuro,硫黄鉱石,유황 광석,硫磺礦,硫磺矿,minério de enxofre
charcoal,Уголь,Charcoal,Holzkohle,Carbone,Charbon de bois,Carbón,木炭,숯,木炭,木炭,Carvão
charcoal_descr,,,,,,,,,,,
lead,Свинец,Lead,Führen,Condurre,Conduire,Dirigir,鉛,리드,鉛,铅,Conduzir
lead_descr,,,,,,,,,,,
metal,Метал,Metal,Metall,Metallo,Métal,Metal,金属,금속,金屬,金属,Metal
metal_descr,Базовый ресурс для крафта,Basic resource for crafting,Grund Ressource zum Basteln,risorsa di base per la lavorazione,ressources de base pour l'artisanat,recurso básico para la elaboración de,クラフトのための基本的なリソース,공예의 기본 자원,為起草基本資源,为起草基本资源,recurso básico para a elaboração de
rope,Веревка,Rope,Seil,Corda,Corde,Cuerda,ロープ,로프,繩,绳,Corda
rope_descr,Веревку можно изготовить из волокна. Используется для создания многих предметов.,The rope can be made of fibers. Used to create many objects.,"Das Seil kann aus Fasern hergestellt sein. Wird verwendet, um viele Objekte erstellen.",La corda può essere fatto di fibre. Utilizzato per creare molti oggetti.,La corde peut être faite de fibres. Utilisé pour créer de nombreux objets.,La cuerda puede estar hecho de fibras. Se utiliza para crear muchos objetos.,ロープは、繊維から作ることができます。多くのオブジェクトを作成するために使用します。,밧줄은 섬유로 제조 될 수있다. 많은 객체를 생성하는 데 사용됩니다.,繩可以由纖維。用於創建許多對象。,绳可以由纤维。用于创建许多对象。,A corda pode ser feito de fibras. Usado para criar muitos objetos.
sulfur,Сера,Sulfur,Schwefel,Zolfo,Soufre,Azufre,硫黄,황,硫,硫,Enxofre
sulfur_descr,,,,,,,,,,,
fat,Жир,Fat,Fett,Grasso,Graisse,Grasa,脂肪,지방,脂肪,脂肪,Gordo
bottle_water,Вода,Water,Wasser,acqua,Eau,Agua,水,물,水,水,água
bottle_water_descr,Утоляет жажду,Quenches thirst,Durst,disseta,désaltère,quita la sed,喉の渇きをクエンチ,갈증을,止渴,止渴,sacia a sede
soda,Chorry-Cola,Chorry-Cola,Chorry-Cola,Chorry-Cola,Chorry-Cola,Chorry-Cola,Chorry-Cola,Chorry-Cola,Chorry-Cola,Chorry-Cola,Chorry-Cola
soda_descr,Утоляет жажду,Quenches thirst,Durst,disseta,désaltère,quita la sed,喉の渇きをクエンチ,갈증을,止渴,止渴,sacia a sede
chocolate,Шоколад,Chocolate,Schokolade,Cioccolato,Chocolat,Chocolate,チョコレート,초콜릿,巧克力,巧克力,Chocolate
chocolate_descr,Утоляет голод,Quenches hunger,stillt Hunger,placa la fame,désaltère la faim,Sacia el hambre,空腹をクエンチ,굶주림을 소멸,淬火飢餓,淬火饥饿,sacia a fome
gunpowder,Порох,Gunpowder,Schießpulver,Polvere da sparo,Poudre à canon,Pólvora,火薬,화약,火藥,火药,Pólvora
gunpowder_descr,Используется для создания патронов,It is used to create bullets,"Es wird verwendet, Kugeln zu schaffen",E 'utilizzato per creare proiettili,Il est utilisé pour créer des puces,Se utiliza para crear balas,箇条書きを作成するために使用されます,총알을 만드는 데 사용됩니다,它被用來創建子彈,它被用来创建子弹,Ele é usado para criar balas
weapon_descr,Используется для атаки противника и добычи ресурсов.,"Used to attack the enemy, and resource extraction.","Verwendet, um den Feind zu attackieren, und Extraktion Ressourcen.","Utilizzato per attaccare il nemico, di risorse e di estrazione.","Utilisé pour attaquer l'ennemi, et l'extraction des ressources.","Se utiliza para atacar al enemigo, y la extracción de recursos.",敵、およびリソースの抽出を攻撃するために使用します。,"적을 공격하고, 추출을 자원하는 데 사용됩니다.",用於攻擊敵人，資源開採。,用于攻击敌人，资源开采。,"Usado para atacar o inimigo, e extração do recurso."
small_stone_hatchet,Малый Каменный топор,Small Stone hatchet,Small Stone Beil,Piccola ascia di pietra,Small Stone hachette,Pequeña hacha de piedra,小さな石の斧,작은 돌 도끼,小石頭前嫌,小石头前嫌,machado de pedra pequena
stone_hatchet,Каменный топор,Stone hatchet,Stein Beil,ascia di pietra,hache de pierre,hacha de piedra,石の斧,돌 도끼,石前嫌,石前嫌,machado de pedra
stone_hatchet_descr,Используется для рубки деревьев и атаки противнкиков. Быстро ломается и не наносит большого урона.,Used for felling trees and attack opponents. Quickly breaks down and does not cause much damage.,Wird für die Bäume zu fällen und Gegner angreifen. Schnell bricht und nicht viel Schaden anrichten.,Utilizzato per abbattere gli alberi e gli avversari di attacco. rompe rapidamente verso il basso e non provoca molti danni.,Utilisé pour l'abattage des arbres et des adversaires d'attaque. se décompose rapidement et ne provoque pas beaucoup de dégâts.,Se utiliza para la tala de árboles y opositores de ataque. se descompone rápidamente y no causa tanto daño.,伐採木や攻撃相手のために使用されます。迅速に分解し、多くの被害が発生することはありません。,벌목 나무와 공격 상대에 사용됩니다. 신속하게 분해 및 많은 피해가 발생하지 않습니다.,經常用來伐樹和攻擊對手。迅速分解，不會造成太大的傷害。,经常用来伐树和攻击对手。迅速分解，不会造成太大的伤害。,Usado para derrubar árvores e opositores de ataque. quebra rapidamente para baixo e não causar muito dano.
metal_hatchet,Металлический топор,Metal hatchet,Metall-Beil,ascia di guerra metallo,hache de métal,hacha de metal,メタル手斧,금속 도끼,金屬前嫌,金属前嫌,machado de metal
metal_hatchet_descr,Используется для рубки деревьев и атаки противников. Имеет хорошую прочность и наносит средний урон.,Used for felling trees and attack opponents. It has good strength and does moderate damage.,Wird für die Bäume zu fällen und Gegner angreifen. Es hat eine gute Festigkeit und tut mäßigen Schaden.,Utilizzato per abbattere gli alberi e gli avversari di attacco. Ha una buona resistenza e fa danni moderati.,Utilisé pour l'abattage des arbres et des adversaires d'attaque. Il a une bonne force et fait des dégâts modérés.,Se utiliza para la tala de árboles y opositores de ataque. Tiene una buena resistencia y hace un daño moderado.,伐採木や攻撃相手のために使用されます。これは、良好な強度を有しており、適度なダメージを与えます。,벌목 나무와 공격 상대에 사용됩니다. 그것은 좋은 강도가 중간 정도 피해를 않습니다.,經常用來伐樹和攻擊對手。它具有良好的強度和不中度破壞。,经常用来伐树和攻击对手。它具有良好的强度和不中度破坏。,Usado para derrubar árvores e opositores de ataque. Ele tem boa resistência e faz danos moderados.
stone_pick,Каменная кирка,Stone pick,Stein Pick,scelta di pietra,Pierre choix,selección de piedra,ストーンピック,돌 선택,斯通挑,斯通挑,picareta de pedra
stone_pick_descr,"Используется для добычи ресурсов из камней, а также для атаки противника. Быстро ломается и не наносит большого урона.","It is used for the extraction of resources from the stones, as well as to attack the enemy. Quickly breaks down and does not cause much damage.","Es ist für die Gewinnung von Ressourcen aus den Steinen verwendet, sowie um den Feind zu attackieren. Schnell bricht und nicht viel Schaden anrichten.","Viene utilizzato per l'estrazione di risorse dalle pietre, nonché per attaccare il nemico. rompe rapidamente verso il basso e non provoca molti danni.","Il est utilisé pour l'extraction des ressources à partir des pierres, ainsi que pour attaquer l'ennemi. se décompose rapidement et ne provoque pas beaucoup de dégâts.","Se utiliza para la extracción de los recursos de las piedras, así como para atacar al enemigo. se descompone rápidamente y no causa tanto daño.",これは、石からの資源の抽出のために使用されるだけでなく、敵を攻撃します。迅速に分解し、多くの被害が発生することはありません。,"그것은 돌 자원 추출을 위해 사용되며,뿐만 아니라 적을 공격. 신속하게 분해 및 많은 피해가 발생하지 않습니다.",它是用於資源從石頭提取，以及攻擊敵人。迅速分解，不會造成太大的傷害。,它是用于资源从石头提取，以及攻击敌人。迅速分解，不会造成太大的伤害。,"É usado para a extracção de recursos das pedras, bem como para atacar o inimigo. quebra rapidamente para baixo e não causar muito dano."
metal_pick,Металлическая кирка,Metal pick,Metalltonarm,selezionamento metallo,choix du métal,recogida de metales,メタルピック,금속 선택,金屬挑,金属挑,picareta do metal
metal_pick_descr,"Используется для добычи ресурсов из камней, а также для атаки противника. Имеет хорошую прочность и наносит средний урон.","It is used for the extraction of resources from the stones, as well as to attack the enemy. It has good strength and does moderate damage.","Es ist für die Gewinnung von Ressourcen aus den Steinen verwendet, sowie um den Feind zu attackieren. Es hat eine gute Festigkeit und tut mäßigen Schaden.","Viene utilizzato per l'estrazione di risorse dalle pietre, nonché per attaccare il nemico. Ha una buona resistenza e fa danni moderati.","Il est utilisé pour l'extraction des ressources à partir des pierres, ainsi que pour attaquer l'ennemi. Il a une bonne force et fait des dégâts modérés.","Se utiliza para la extracción de los recursos de las piedras, así como para atacar al enemigo. Tiene una buena resistencia y hace un daño moderado.",これは、石からの資源の抽出のために使用されるだけでなく、敵を攻撃します。これは、良好な強度を有しており、適度なダメージを与えます。,"그것은 돌 자원 추출을 위해 사용되며,뿐만 아니라 적을 공격. 그것은 좋은 강도가 중간 정도 피해를 않습니다.",它是用於資源從石頭提取，以及攻擊敵人。它具有良好的強度和不中度破壞。,它是用于资源从石头提取，以及攻击敌人。它具有良好的强度和不中度破坏。,"É usado para a extracção de recursos das pedras, bem como para atacar o inimigo. Ele tem boa resistência e faz danos moderados."
knife,Нож,Knife,Messer,Coltello,Couteau,Cuchillo,ナイフ,칼,刀,刀,Faca
knife_descr,Используется для срезания кустов и атаки противников. Имеет хорошую прочность и наносит средний урон.,It is used for cutting bushes and attack opponents. It has good strength and does moderate damage.,Es ist zum Schneiden von Büschen und Gegner angreifen verwendet. Es hat eine gute Festigkeit und tut mäßigen Schaden.,E 'utilizzato per il taglio di cespugli e gli avversari di attacco. Ha una buona resistenza e fa danni moderati.,Il est utilisé pour les buissons et les adversaires d'attaque de coupe. Il a une bonne force et fait des dégâts modérés.,Se utiliza para el corte de arbustos y opositores de ataque. Tiene una buena resistencia y hace un daño moderado.,これは、ブッシュと攻撃相手を切断するために使用されます。これは、良好な強度を有しており、適度なダメージを与えます。,그것은 숲과 공격 상대를 절단하는 데 사용됩니다. 그것은 좋은 강도가 중간 정도 피해를 않습니다.,它被用於切割灌木和攻擊對手。它具有良好的強度和不中度破壞。,它被用于切割灌木和攻击对手。它具有良好的强度和不中度破坏。,Ele é usado para arbustos e adversários ataque de corte. Ele tem boa resistência e faz danos moderados.
stone_knife,Каменный Нож,Stone Knife,Steinmesser,coltello di pietra,Knife Pierre,cuchillo de piedra,ストーンナイフ,돌 칼,石刀,石刀,Faca de pedra
stone_knife_descr,Используется для срезания кустов и атаки противников. Быстро ломается и не наносит большого урона,It is used for cutting bushes and attack opponents. Quickly breaks down and does not cause much damage.,Es ist zum Schneiden von Büschen und Gegner angreifen verwendet. Schnell bricht und nicht viel Schaden anrichten.,E 'utilizzato per il taglio di cespugli e gli avversari di attacco. rompe rapidamente verso il basso e non provoca molti danni.,Il est utilisé pour les buissons et les adversaires d'attaque de coupe. se décompose rapidement et ne provoque pas beaucoup de dégâts.,Se utiliza para el corte de arbustos y opositores de ataque. se descompone rápidamente y no causa tanto daño.,これは、ブッシュと攻撃相手を切断するために使用されます。迅速に分解し、多くの被害が発生することはありません。,그것은 숲과 공격 상대를 절단하는 데 사용됩니다. 신속하게 분해 및 많은 피해가 발생하지 않습니다.,它被用於切割灌木和攻擊對手。迅速分解，不會造成太大的傷害。,它被用于切割灌木和攻击对手。迅速分解，不会造成太大的伤害。,Ele é usado para arbustos e adversários ataque de corte. quebra rapidamente para baixo e não causar muito dano.
crowbar,Лом,Crowbar,Brecheisen,Piede di porco,Crowbar,Palanca,クローバー,바,撬棍,撬棍,Pé de cabra
torch,Факел,Torch,Fackel,Torcia,Torche,Antorcha,トーチ,토치,火炬,火炬,Tocha
torch_descr,Используется для освещения в ночи.,Used for lighting at night.,Wird für die in der Nacht beleuchtet.,Usato per l'illuminazione di notte.,Utilisé pour l'éclairage de nuit.,Utilizados para el alumbrado por la noche.,夜間照明に使用。,밤에 조명에 사용됩니다.,用於夜間照明。,用于夜间照明。,Utilizados na iluminação à noite.
mace,Булава,Mace,Keule,Mazza,masse,Mazo,メース,메이스,錘,锤,clava
catana,Катана,Catana,Catana,Catana,Catana,Catana,カタネ,Catana,卡塔納,卡塔纳,Catana
catana_descr,Используется для срезания кустов и атаки противников. Имеет высокую прочность и наносит сильный урон.,It is used for cutting bushes and attack opponents. It has high strength and causing heavy damage.,Es ist zum Schneiden von Büschen und Gegner angreifen verwendet. Es hat eine hohe Festigkeit und verursacht schwere Schäden.,E 'utilizzato per il taglio di cespugli e gli avversari di attacco. Ha alta resistenza e causando gravi danni.,Il est utilisé pour les buissons et les adversaires d'attaque de coupe. Il a une haute résistance et causant de lourds dommages.,Se utiliza para el corte de arbustos y opositores de ataque. Tiene una alta resistencia y causando graves daños.,これは、ブッシュと攻撃相手を切断するために使用されます。これは、高い強度と重いダメージを与えることがあります。,그것은 숲과 공격 상대를 절단하는 데 사용됩니다. 그것은 높은 강도와 ​​무거운 손상을 초래 있습니다.,它被用於切割灌木和攻擊對手。它具有高強度，造成嚴重的損害。,它被用于切割灌木和攻击对手。它具有高强度，造成严重的损害。,Ele é usado para arbustos e adversários ataque de corte. Tem alta resistência e causando danos pesados.
machete,Мачете,Machete,Machete,macete,Machette,Machete,マチェーテ,칼,彎刀,弯刀,Machete
machete_descr,Используется для срезания кустов и атаки противников. Имеет хорошую прочность и наносит средний урон.,It is used for cutting bushes and attack opponents. It has good strength and does moderate damage.,Es ist zum Schneiden von Büschen und Gegner angreifen verwendet. Es hat eine gute Festigkeit und tut mäßigen Schaden.,E 'utilizzato per il taglio di cespugli e gli avversari di attacco. Ha una buona resistenza e fa danni moderati.,Il est utilisé pour les buissons et les adversaires d'attaque de coupe. Il a une bonne force et fait des dégâts modérés.,Se utiliza para el corte de arbustos y opositores de ataque. Tiene una buena resistencia y hace un daño moderado.,これは、ブッシュと攻撃相手を切断するために使用されます。これは、良好な強度を有しており、適度なダメージを与えます。,그것은 숲과 공격 상대를 절단하는 데 사용됩니다. 그것은 좋은 강도가 중간 정도 피해를 않습니다.,它被用於切割灌木和攻擊對手。它具有良好的強度和不中度破壞。,它被用于切割灌木和攻击对手。它具有良好的强度和不中度破坏。,Ele é usado para arbustos e adversários ataque de corte. Ele tem boa resistência e faz danos moderados.
bow,Лук,Bow,Bogen,Arco,Arc,Arco,弓,활,弓,弓,Arco
bow_descr,Оружие дальнего боя. Используется для охоты на животных. Наносит средний урон.,Ranged Weapon. It is used for hunting animals. Deals moderate damage.,Distanzwaffe. Es wird für die Jagd auf Tiere verwendet. Angebote moderieren Schaden.,Armi a distanza. E 'utilizzato per la caccia gli animali. Offerte moderate danni.,Arme à distance. Il est utilisé pour la chasse aux animaux. Offres modérées dommages.,Arma a distancia. Se utiliza para la caza de animales. Ofertas de moderar los daños.,射撃武器。これは、狩猟動物のために使用されます。適度なダメージを与えます。,원거리 무기. 그것은 동물을 사냥하는 데 사용됩니다. 상품의 손상을 완화.,遠程武器。它用於狩獵動物。優惠中度破壞。,远程武器。它用于狩猎动物。优惠中度破坏。,Arma à Distância. Ele é usado para caçar animais. Causa dano moderado.
arrow,Стрела,Arrow,Pfeil,Freccia,Flèche,Flecha,矢印,화살,箭頭,箭头,Flecha
arrow_descr,Используется для стрельбы из лука.,It is used for archery.,Es ist für Bogenschießen verwendet.,E 'usato per tiro con l'arco.,Il est utilisé pour tir à l'arc.,Se utiliza para el tiro con arco.,これは、アーチェリーのために使用されます。,이 양궁에 사용됩니다.,它是用於射箭。,它是用于射箭。,É usado para o tiro com arco.
fire_weapon,Используется для атаки противника с расстояния,Used to attack the enemy from a distance,"Verwendet, um den Feind aus der Ferne angreifen",Utilizzato per attaccare il nemico a distanza,Utilisé pour attaquer l'ennemi à distance,Se utiliza para atacar al enemigo desde una distancia,遠くから敵を攻撃するために使用します,거리에서 적을 공격하는 데 사용,用於從遠處攻擊敵人,用于从远处攻击敌人,Usado para atacar o inimigo a uma distância
shotgun,Дробовик,Shotgun,Schrotflinte,fucile da caccia,Fusil à pompe,Escopeta,散弾銃,산탄 총,滑膛槍,滑膛枪,Espingarda
dragunov_sniper_rifle,Снайперская винтовка Драгунова,Dragunov sniper rifle,Dragunov Scharfschützengewehr,SVD Dragunov,fusil de sniper Dragunov,Fusil de francotirador Dragunov,ドラグノフ狙撃銃,드라구노프 저격 소총,德拉古諾夫狙擊步槍,德拉古诺夫狙击步枪,Dragunov
revolver,Револьвер,Revolver,Revolver,rivoltella,Revolver,Revólver,リボルバー,리볼버,左輪手槍,左轮手枪,Revólver
weapon_pack,Оружейный набор,Weapon pack,Waffen Pack,Weapon Pack,Pack d'armes,lote de armas,ウェポンパック,무기 팩,武器包,武器包,pacote de arma
weapon_pack_descr,"Легендарный револьвер Клинта Иствуда, снайперская винтовка Драгунова, пулемет Томпсона и дробовик в одном наборе!","Legendary Clint Eastwood revolver, Dragunov's sniper rifle, Thompson's machine gun and shotgun in one pack!","Legendary Revolver Clint Eastwood, Dragunov des Scharfschützengewehr, Thompson-Maschinengewehr und Schrotflinte in einem Satz!","Revolver leggendario Clint Eastwood, Fucile da Cecchino di Dragunov, mitragliatrice Thompson e fucile da caccia dans un Pacchetto!","Revolver légendaire Clint Eastwood, fusil de sniper de Dragunov, la mitrailleuse de Thompson et fusil de chasse dans un paquet!","Revólver legendario Clint Eastwood, rifle de francotirador Dragunov de, la ametralladora Thompson y una escopeta en un solo paquete!",伝説のリボルバークリント・イーストウッド、ドラグノフのスナイパーライフル、1パックでトンプソンの機関銃と散弾銃,"전설적인 리볼버 클린트 이스트우드, Dragunov의 저격 소총, 하나의 팩 톰슨 기관총 및 엽총",傳說中的左輪手槍克林特·伊斯特伍德，德拉古諾夫的狙擊步槍，湯普森機槍和獵槍在一個包,传说中的左轮手枪克林特·伊斯特伍德，德拉古诺夫的狙击步枪，汤普森机枪和猎枪在一个包,"revolver lendário Clint Eastwood, rifle sniper de Dragunov, metralhadora Thompson e espingarda em um pacote"
water_quality,Качество воды,Water quality,Wasserqualität,qualità Dell'Acqua,La qualité d'eau,Calidad del agua,水質,수질,水質,水质,Qualidade da água
glock_17,Glock-17,Glock-17,Glock-17,Glock-17,Glock-17,Glock-17,Glock-17,Glock-17,Glock-17,Glock-17,Glock-17
thompson,Пулемёт Томпсона,Thompson M 1928 A1,Thompson M 1928 A1,Thompson M 1928 A1,Thompson M 1928 A1,Thompson M 1928 A1,トンプソンM 1928 A1,톰슨 M 1928 A1,湯普森1928年中號A1,汤普森1928年中号A1,Thompson M 1928 A1
shotgun_ammo,Патроны для дробовика,Shotgun ammo,Schrotflinte ammo,munizioni Shotgun,munitions fusil de chasse,munición de la escopeta,散弾銃の弾薬,샷건 탄약,霰彈槍彈藥,霰弹枪弹药,munição de espingarda
dragunov_ammo,Патроны для винтовки Драгунова,Dragunov ammo,Dragunov ammo,Dragunov munizioni,Dragunov munitions,munición Dragunov,ドラグノフ弾薬,Dragunov 탄약,德拉古諾夫彈藥,德拉古诺夫弹药,Dragunov munição
revolver_ammo,Патроны для револьвера,Revolver ammo,Revolver ammo,revolver munizioni,munitions Revolver,munición de revólver,リボルバー弾薬,리볼버 탄약,左輪手槍彈藥,左轮手枪弹药,munição de revólver
glock17_ammo,Патроны для Glock-17,Glock-17 ammo,Glock-17 ammo,Glock-17 munizioni,Glock-17 munitions,Glock-17 munición,グロック-17の弾薬,글록-17 탄약,格洛克-17彈藥,格洛克-17弹药,Glock-17 munição
thompson_ammo,Патроны для пулемёта Томпсона,Thompson ammo,Thompson ammo,Thompson munizioni,munitions Thompson,munición Thompson,トンプソンの弾薬,톰슨 탄약,湯普森彈藥,汤普森弹药,Thompson munição
thompson_ammo_descr,Используется для стрельбы из пулемёта Томпсона,Used to fire Thompson's machine gun,Gebrauchte Thompson Maschinengewehr abzufeuern,Destinata ad alimentare mitragliatrice Thompson,Utilisé pour tirer la mitrailleuse de Thompson,Se utiliza para disparar la ametralladora Thompson,トンプソンの機関銃を発射するために使用します,톰슨 기관총을 발사하는 데 사용,用來燒製湯普森機槍,用来烧制汤普森机枪,Usado para disparar metralhadora Thompson
dragunov_ammo_descr,Используется для стрельбы из снайперской винтовки Драгунова,Used for shooting from Dragunov sniper rifle,Wird für die von Dragunov Scharfschützengewehr schießen,Usato per il tiro da fucile da cecchino Dragunov,Utilisé pour le tir de fusil de sniper Dragunov,Utilizado para el rodaje de Fusil de francotirador Dragunov,ドラグノフ狙撃銃から撮影さ,Dragunov 저격 소총에서 촬영에 사용,用於從SVD狙擊步槍射擊,用于从SVD狙击步枪射击,Usado para fotografar de Dragunov rifle sniper
glock17_ammo_descr,Используется для стрельбы из пистолета Glock-17,Used to fire a Glock-17 gun,"Verwendet, um eine Glock-17 Gewehr abzufeuern",Destinata ad alimentare una pistola Glock-17,Utilisé pour tirer un pistolet Glock-17,Se usa para disparar una pistola Glock-17,グロック-17銃を発射するために使用します,글록-17 총을 발사하는 데 사용,用火格洛克-17槍,用火格洛克-17枪,Usado para disparar uma arma Glock-17
shotgun_ammo_descr,Используется для стрельбы из дробовика,It used to shotgunUsed to fire a shotgun,Früher shotgunUsed eine Schrotflinte schießen,E 'usato per shotgunUsed per sparare un fucile da caccia,Il fut shotgunUsed de tirer un fusil de chasse,Se utiliza para shotgunUsed para disparar una escopeta,それは散弾銃を発射するshotgunUsedに使用しました,그것은 산탄 총을 발사 shotgunUsed에 사용,它曾經shotgunUsed火獵槍,它曾经shotgunUsed火猎枪,É usado para shotgunUsed para disparar uma espingarda
revolver_ammo_descr,Используется для стрельбы из револьвера,Used to fire a revolver,Verwendet einen Revolver abzufeuern,Destinata ad alimentare un revolver,Utilisé pour tirer un revolver,Se usa para disparar un revólver,リボルバーを発射するために使用します,권총을 발사하는 데 사용,用火一把左輪手槍,用火一把左轮手枪,Utilizado para disparar um revólver
clothe_descr,Защищает от атак врага и согревает холодной ночью,Protection from enemy attacks and warm on a cold night,Schutz vor feindlichen Angriffen und warm in einer kalten Nacht,Protezione dagli attacchi dei nemici e caldo in una notte fredda,Protection contre les attaques ennemies et chaleureux sur une nuit froide,Protección de los ataques enemigos y caliente en una noche fría,寒い夜に敵の攻撃からの保護と暖かいです,추운 밤에 적의 공격으로부터 보호하고 따뜻한,從敵人的攻擊保護和溫暖在一個寒冷的夜晚,从敌人的攻击保护和温暖在一个寒冷的夜晚,Proteção contra ataques inimigos e quente em uma noite fria
leather_shirt,Кожанная Рубашка,Leather Shirt,Lederhemd,Camicia in pelle,Chemise en cuir,Camisa de cuero,レザーシャツ,가죽 셔츠,皮革襯衫,皮革衬衫,couro shirt
leather_cap,Кожанная Шапка,Leather Cap,Ledermütze,Cap pelle,Cap en cuir,Gorra de cuero,レザーキャップ,가죽 모자,皮革帽,皮革帽,Cap couro
leather_pants,Кожанные Штаны,Leather Pants,Lederhosen,Pantaloni di pelle,Pantalon en cuir,Pantalones de cuero,レザーパンツ,가죽 바지,皮褲,皮裤,Calça de couro
leather_boots,Кожанные Ботинки,Leather Boots,Lederstiefel,Stivali di pelle,Bottes en cuir,Botas de cuero,レザーブーツ,가죽 부츠,皮靴,皮靴,Botas de couro
fur_shirt,Меховая Рубашка,Fur Shirt,Pelz-Hemd,Fur shirt,fourrure shirt,Camisa de pieles,毛皮シャツ,모피 셔츠,毛皮襯衫,毛皮衬衫,Fur shirt
fur_cap,Меховая Шапка,Fur Cap,Fell-Kappe,Fur Cap,Bonnet de fourrure,Gorro de piel,毛皮の帽子,모피 모자,皮帽,皮帽,Cap Fur
fur_pants,Меховые Штаны,Fur Pants,Fur Hosen,Fur Pants,Pantalon de fourrure,Pantalones de piel,毛皮のパンツ,모피 바지,皮草褲子,皮草裤子,Calças de pele
fur_boots,Меховые Ботинки,Fur Boots,Pelzstiefel,stivali di pelliccia,Bottes de fourrure,Botas de piel,ファーブーツ,모피 부츠,毛毛靴,毛毛靴,botas de pele
small_backpack,Мальнький рюкзак,Small backpack,Kleiner Rucksack,piccolo zaino,Petit sac à dos,mochila pequeña,サブザック,작은 배낭,小背包,小背包,mochila pequena
small_backpack_descr,Мальнький рюкзак,Small backpack,Kleiner Rucksack,piccolo zaino,Petit sac à dos,mochila pequeña,サブザック,작은 배낭,小背包,小背包,mochila pequena
medium_backpack,Средний рюкзак,Medium backpack,Medium Rucksack,Media zaino,sac à dos Medium,mochila mediana,ミディアムバックパック,중간 배낭,中型背包,中型背包,mochila médio
medium_backpack_descr,Средний рюкзак,Medium backpack,Medium Rucksack,Media zaino,sac à dos Medium,mochila mediana,ミディアムバックパック,중간 배낭,中型背包,中型背包,mochila médio
big_backpack,Большой рюкзак,Big backpack,Big Rucksack,Grande zaino,Big sac à dos,mochila grande,ビッグバックパック,큰 배낭,大背包,大背包,Big mochila
big_backpack_descr,Большой рюкзак,Big backpack,Big Rucksack,Grande zaino,Big sac à dos,mochila grande,ビッグバックパック,큰 배낭,大背包,大背包,Big mochila
meat,Мясо,Meat,Fleisch,La carne,Moi à,Carne,お肉,고기,肉,肉,Carne
fried_meat,Жаренное Мясо,Fried Meat,Gebratenes Fleisch,Carne fritta,viande frite,Carne frita,揚げ肉,튀긴 고기,炸肉,炸肉,Carne frita
fish,Рыба,Fish,Fisch,Pesce,Poisson,Pescado,魚,물고기,魚,鱼,Peixe
fried_fish,Жаренная рыба,Fried Fish,Gebratene Fische,Pesce fritto,Poisson frit,Pescado frito,揚げ魚,생선 튀김,煎魚,煎鱼,Peixe frito
coffee_pack,Кофе,Coffee,Kaffee,Caffè,café,Café,コーヒー,커피,咖啡,咖啡,café
adrenaline,Адреналин,Adrenaline,Adrenalin,Adrenaline,Adrénaline,La adrenalina,アドレナリン,아드레날린,腎上腺素,肾上腺素,Adrenaline
adrenaline_descr,Восстанавливает энергию,Restores energy,Stellt Energie,ripristina energia,Restaure l'énergie,restaura la energía,エネルギーを復元,에너지를 복원,能量恢復,能量恢复,restaura a energia
apple,Яблоко,Apple,Apfel,Mela,pomme,manzana,林檎,사과,蘋果,苹果,maçã
banana,Банан,Banana,Banane,Banana,banane,Plátano,バナナ,바나나,香蕉,香蕉,Banana
bandage,Бинт,Bandage,Bandage,Bendare,Bandage,Vendaje,包帯,붕대,繃帶,绷带,Curativo
bandage_descr,Восстанавливает здоровье,Restore health,Wiederherstellung der Gesundheit,ripristinare la salute,Restaurer la santé,Recuperar salud,健康を回復,건강을 복원,恢復健康,恢复健康,restaurar a saúde
medkit,Аптечка,Med-Kit,Med-Kit,Med-Kit,Med-Kit,Med-Kit,MED-キット,MED-키트,MED-套件,MED-套件,Med-Kit
medkit_descr,Восстанавливает здоровье,Restore health,Wiederherstellung der Gesundheit,ripristinare la salute,Restaurer la santé,Recuperar salud,健康を回復,건강을 복원,恢復健康,恢复健康,restaurar a saúde
anti_radiation_pills,Антирадиационные таблетки,Anti-radiation pills,Anti-Strahlung Pillen,pillole anti-radiazioni,pilules anti-rayonnement,pastillas contra la radiación,抗放射線薬,안티 - 방사선 알약,抗輻射藥丸,抗辐射药丸,pílulas anti-radiação
anti_radiation_pills_descr,Убавляет уровень облучения радиацией,Bates level of radiation exposure,Bates Ebene der Strahlenexposition,il livello di esposizione alle radiazioni Bates,niveau Bates d'exposition aux rayonnements,Bates nivel de exposición a la radiación,放射線被曝のベイツレベル,방사선 노출의 베이츠 수준,輻射暴露水平貝茨,辐射暴露水平贝茨,nível Bates de exposição à radiação
wood_plank,Доска,Wooden Plank,Holzbrett,Asse di legno,Une planche de bois,Tablón de madera,木製プランク,나무 판자,木棧道,木栈道,Tábua de madeira
wood_plank_descr,Используется в строительстве деревянных сооружений,It used in the construction of wooden structures,Es wird verwendet bei der Konstruktion von Holzbauten,Ha usato nella costruzione di strutture in legno,Il est utilisé dans la construction de structures en bois,Se utiliza en la construcción de estructuras de madera,これは、木造構造物の建設に使用されます,이는 나무 구조의 구성에 사용,它在木結構的建築用,它在木结构的建筑用,Ele é utilizado na construção de estruturas de madeira
cobblestone,Булыжник,Cobblestone,Pflasterstein,ciottolo,Pavé,Guijarro,玉石,조약돌,鵝卵石,鹅卵石,carvão gigante
cobblestone_descr,Используется в строительстве каменных сооружений,It used in the construction of stone structures,Früher war es in den Bau von Steinstrukturen,Ha usato nella costruzione di strutture di pietra,Il est utilisé dans la construction de structures en pierre,Se utiliza en la construcción de estructuras de piedra,これは、石の構造物の建設に使用されます,그것은 돌 구조물의 건설에 사용,它在石頭結構的建築用,它在石头结构的建筑用,Ele é utilizado na construção de estruturas de pedra
decor_descr,Используется для интерьера,Used for the interior,Wird für den Innenraum,Utilizzato per l'interno,Utilisé pour l'intérieur,Se utiliza para el interior,インテリアに使用します,내부에 사용,用於內部,用于内部,Usado para o interior
sheep_rug,Ковёр из овцы,Carpet of sheep,Teppich von Schafen,Tappeto di pecore,Tapis de moutons,Alfombra de las ovejas,羊のカーペット,양 카펫,羊地毯,羊地毯,Tapete de ovelhas
bear_rug,Ковёр из медведя,Carpet of bear,Teppich der Bär,Tappeto di orso,Tapis de l'ours,Alfombra de oso,クマのカーペット,곰의 카펫,熊地毯,熊地毯,Tapete de urso
kitchen_table,Кухонный стол,Kitchen table,Küchentisch,Tavolo della cucina,Table de cuisine,Mesa de cocina,キッチンテーブル,주방 테이블,廚房的桌子,厨房的桌子,Mesa da cozinha
coffee_table,Кофейный стол,Coffee table,Kaffetisch,Tavolino da caffè,Table basse,Mesa de café,コー​​ヒーテーブル,커피 테이블,咖啡桌,咖啡桌,Mesa de café
chair,Стул,Chair,Sessel,Sedia,Chaise,Silla,椅子,의자,椅子,椅子,Cadeira
sofa,Диван,Sofa,Sofa,Divano,Canapé,Sofá,ソファー,소파,沙發,沙发,Sofá
item-cupboard_closed,Шкаф,Cupboard,Schrank,Credenza,Placard,Alacena,食器棚,찬장,櫥櫃,橱柜,Armário
item-cupboard_room,Шкаф с полками,Cupboard modern,Schrank moderner,armadio moderno,armoire moderne,armario moderno,現代の食器棚,현대 찬장,現代櫥櫃,现代橱柜,armário moderno
fence,Забор,Fence
jerrycan,Бензин,Petrol,Benzin,Benzina,Essence,Gasolina,ガソリン,가솔린,汽油,汽油,Gasolina
jerrycan_descr,Используется для заправки транспорта,used for fueling cars,Gebrauchtwagen für die Betankung,utilizzato per alimentare le automobili,utilisé pour le ravitaillement des voitures,utilizado para el carburante para vehículos,車に燃料を供給するために使用,자동차 연료에 사용,用於汽車加油,用于汽车加油,utilizado para abastecer carros
fire,Разжечь,Fire,Feuer,Fuoco,Feu,Fuego,火災,불,火,火,Fogo
no_fuel,Нет бензина,No fuel,Kein Kraftstoff,No di carburante,Pas de carburant,No hay combustible,いいえ燃料はありません,어떤 연료 없다,沒有燃料,没有燃料,Sem combustível
car_fill,Заправить,Fill,Füllen,Riempire,Remplir,Llenar,埋めます,가득 따르다,填,填,Preencher
set_car_position,Переместить машину в город,Move car to city,Bewegen Auto zum Stadt,Spostare auto in città,Déplacez la voiture en ville,Mueva coche para ciudad,街に車を移動します,도시로 차를 이동,移動汽車城,移动汽车城,Mova carro para cidade
set_car_position_confirm,Вы уверены что хотите переместить машину в город?,Are you sure you want to move the car in the city?,"Sind Sie sicher, dass Sie das Auto in der Stadt zu bewegen?",Sei sicuro che si desidera spostare l'auto in città?,Etes-vous sûr que vous voulez déplacer la voiture dans la ville?,¿Está seguro de que desea mover el coche en la ciudad?,あなたは街で車を移動するにしてもよろしいですか？,당신은 도시에서 차를 이동 하시겠습니까?,你確定你要移動車在城市？,你确定你要移动车在城市？,Tem certeza de que deseja mover o carro na cidade?
player_respawn_confrim,Вы уверены что хотите переместиться в точку спауна?,Are you sure you want to move into the spawn point?,"Sind Sie sicher, dass Sie in den Spawn-Punkt zu bewegen?",Sei sicuro che si desidera spostare nel punto di spawn?,Etes-vous sûr que vous voulez déplacer dans le point de spawn?,¿Está seguro de que desea mover en el punto de generación?,あなたはスポーンポイントに移動するにしてもよろしいですか？,당신은 스폰 지점으로 이동 하시겠습니까?,你確定你要移動到重生點？,你确定你要移动到重生点？,Tem certeza de que deseja mover para o ponto de desova?
wood_ceiling,Деревянный потолок,Wooden Ceiling,Holzdecke,in legno del soffitto,plafond en bois,techo de madera,木製の天井,목조 천장,木製天花板,木制天花板,teto de madeira
wood_ceiling_descr,Устанавливается над первым и остальными этажами здания,Set on the first and the other floors of the building,Auf den ersten und den anderen Stockwerken des Gebäudes,Situato al primo e gli altri piani dell'edificio,Situé sur la première et les autres étages du bâtiment,Situado en la primera y los otros pisos del edificio,建物の第一および他の階に設定,제 1 및 건물의 다른 층에 집합,設置在第一和建築物的其它樓層,设置在第一和建筑物的其它楼层,Localizado no primeiro e os outros pisos do edifício
wood_foundation,Деревянное основание,Wooden Foundation,Holz-Stiftung,Fondazione di legno,Fondation en bois,Fundación de madera,木製財団,나무 재단,木製基金會,木制基金会,Fundação de madeira
wood_foundation_descr,Служит основанием для установки остальных конструкций,It serves as the basis for the installation of the remaining structures,Es dient als Basis für die Montage der verbleibenden Strukturen,Essa serve come base per l'installazione delle restanti strutture,Elle sert de base pour la mise en place des structures restantes,"Además, es la base para la instalación de las estructuras restantes",これは、残りの構造物の設置のための基礎として機能します,그것은 나머지 구조물의 설치를위한 기초 역할,它作為用於安裝的剩餘的結構的基礎,它作为用于安装的剩余的结构的基础,Ele serve como a base para a instalação das estruturas restantes
wood_wall,Деревянная стена,Wooden Wall,Hölzerne Wand,parete di legno,mur en bois,Pared de madera,木製の壁,나무 벽,木牆,木墙,parede de madeira
wood_wall_descr,Можно установить только на основание,Can be set only on the foundation,Kann nur auf dem Fundament gesetzt werden,Può essere impostato solo sulla fondazione,Peut être réglé uniquement sur la base,Puede ajustarse solamente en el fundamento,基盤の上にのみ設定することができます,기초에서만 설정할 수 있습니다,可以的基礎上只設置,可以的基础上只设置,Pode ser definido apenas na fundação
wood_wall_door,Деревянный дверной проём,Wooden Doorway,hölzerne Tür,Porta in legno,Doorway bois,Umbral de madera,木製の戸口,나무 출입구,門口木,门口木,Entrada de madeira
wood_wall_door_descr,Можно установить только на основание,Can be set only on the foundation,Kann nur auf dem Fundament gesetzt werden,Può essere impostato solo sulla fondazione,Peut être réglé uniquement sur la base,Puede ajustarse solamente en el fundamento,基盤の上にのみ設定することができます,기초에서만 설정할 수 있습니다,可以的基礎上只設置,可以的基础上只设置,Pode ser definido apenas na fundação
wood_wall_window,Деревянный оконный проём,Wooden Window,Holzfenster,finestra in legno,fenêtre en bois,ventana de madera,木製窓,나무 창,木製窗,木制窗,Indicador de madeira
wood_wall_window_descr,Можно установить только на основание,Can be set only on the foundation,Kann nur auf dem Fundament gesetzt werden,Può essere impostato solo sulla fondazione,Peut être réglé uniquement sur la base,Puede ajustarse solamente en el fundamento,基盤の上にのみ設定することができます,기초에서만 설정할 수 있습니다,可以的基礎上只設置,可以的基础上只设置,Pode ser definido apenas na fundação
wood_stairs,Деревянная лестница,Wooden Stairs,Holztreppen,Scale di legno,Escaliers en bois,Escaleras de madera,木の階段,나무 계단,木製樓梯,木制楼梯,Escadas de madeira
wood_stairs_descr,Служит для перемещения между этажами,Use it for moves between floors,Verwenden Sie es für bewegt sich zwischen den Etagen,Usalo per spostamenti tra i piani,Utilisez-le pour les déplacements entre les étages,Utilizarlo para los movimientos entre los pisos,フロア間の移動のためにそれを使用します,바닥 사이의 이동을 위해 사용,使用它的地板之間移動,使用它的地板之间移动,Use-o para se move entre pisos
stone_ceiling,Каменный потолок,Stone Ceiling,Naturstein Decke,pietra soffitto,Pierre plafond,piedra Natural techo,石の天井,돌 천장,石頭天花板,石头天花板,pedra Tecto
stone_ceiling_descr,Устанавливается над первым и остальными этажами здания,Set on the first and the other floors of the building,Auf den ersten und den anderen Stockwerken des Gebäudes,Situato al primo e gli altri piani dell'edificio,Situé sur la première et les autres étages du bâtiment,Situado en la primera y los otros pisos del edificio,建物の第一および他の階に設定,제 1 및 건물의 다른 층에 집합,設置在第一和建築物的其它樓層,设置在第一和建筑物的其它楼层,Localizado no primeiro e os outros pisos do edifício
stone_foundation,Каменное основание,Stone Foundation,Stein-Stiftung,Fondazione di pietra,Fondation Pierre,Primera piedra,ストーン財団,스톤 재단,石基,石基,pedra Fundamental
stone_foundation_descr,Служит основанием для установки остальных конструкций,It serves as the basis for the installation of the remaining structures,Es dient als Basis für die Montage der verbleibenden Strukturen,Essa serve come base per l'installazione delle restanti strutture,Elle sert de base pour la mise en place des structures restantes,"Además, es la base para la instalación de las estructuras restantes",これは、残りの構造物の設置のための基礎として機能します,그것은 나머지 구조물의 설치를위한 기초 역할,它作為用於安裝的剩餘的結構的基礎,它作为用于安装的剩余的结构的基础,Ele serve como a base para a instalação das estruturas restantes
stone_wall,Каменная стена,Stone Wall,Steinwand,Muro di pietra,Mur de pierre,Pared de piedra,石垣,돌 벽,石牆,石墙,Parede de pedra
stone_wall_descr,Можно установить только на основание,Can be set only on the foundation,Kann nur auf dem Fundament gesetzt werden,Può essere impostato solo sulla fondazione,Peut être réglé uniquement sur la base,Puede ajustarse solamente en el fundamento,基盤の上にのみ設定することができます,기초에서만 설정할 수 있습니다,可以的基礎上只設置,可以的基础上只设置,Pode ser definido apenas na fundação
stone_wall_door,Каменный дверной проём,Stone Doorway,Steineingang,pietra Porta,Pierre Doorway,Umbral de piedra,ストーン戸口,돌 출입구,石門洞,石门洞,pedra Porta de Entrada
stone_wall_door_descr,Можно установить только на основание,Can be set only on the foundation,Kann nur auf dem Fundament gesetzt werden,Può essere impostato solo sulla fondazione,Peut être réglé uniquement sur la base,Puede ajustarse solamente en el fundamento,基盤の上にのみ設定することができます,기초에서만 설정할 수 있습니다,可以的基礎上只設置,可以的基础上只设置,Pode ser definido apenas na fundação
stone_wall_window,Каменный оконный проём,Stone Window,Steinfenster,finestra di pietra,fenêtre Pierre,ventana de piedra,ストーンウィンドウ,스톤 창,石窗,石窗,Janela de pedra
stone_wall_window_descr,Можно установить только на основание,Can be set only on the foundation,Kann nur auf dem Fundament gesetzt werden,Può essere impostato solo sulla fondazione,Peut être réglé uniquement sur la base,Puede ajustarse solamente en el fundamento,基盤の上にのみ設定することができます,기초에서만 설정할 수 있습니다,可以的基礎上只設置,可以的基础上只设置,Pode ser definido apenas na fundação
stone_stairs,Каменная лестница,Stone Stairs,Steintreppen,Scale di pietra,Escaliers de pierre,Escaleras de piedra,石の階段,돌 계단,石梯,石梯,Escadas de pedra
stone_stairs_descr,Служит для перемещения между этажами,Use it for moves between floors,Verwenden Sie es für bewegt sich zwischen den Etagen,Usalo per spostamenti tra i piani,Utilisez-le pour les déplacements entre les étages,Utilizarlo para los movimientos entre los pisos,フロア間の移動のためにそれを使用します,바닥 사이의 이동을 위해 사용,使用它的地板之間移動,使用它的地板之间移动,Use-o para se move entre pisos
main_items,Основное,Main,Main,Principale,Principal,Principal,メイン,본관,主要,主要,a Principal
gold_name,Золото,Gold,Gold,Oro,Or,Oro,ゴールド,금,金,金,Ouro
gold_descr,Блестит и завораживает,It shines and fascinates,Es glänzt und fasziniert,Brilla e affascina,Il brille et fascine,Brilla y fascina,それは輝くと魅了,그것은 빛나고 매력적,它的光芒和著迷,它的光芒和着迷,Ela brilha e fascina
1000_gold_name,Горсть золота,Handful of gold,Eine Hand voll Gold,Manciata di oro,Poignée d'or,Puñado de oro,金の一握り,금의 소수,黃金一小撮,黄金一小撮,Punhado de ouro
5000_gold_name,Куча золота,Pile of gold,Stapel von Gold,Mucchio d'oro,Pile d'or,Pila de oro,金の山,금의 더미,金樁,金桩,Pilha de ouro
30000_gold_name,Мешок золота,Bag of gold,Beutel Gold,Borsa d'oro,Sac d'or,Bolsa de oro,金のバッグ,금의 가방,金袋,金袋,Saco de ouro
20000_gold_name,Сундук золота,Chest of gold,Chest of Gold,Petto d'oro,Poitrine d'or,Cofre de oro,金のチェスト,금의 가슴,黃金胸部,黄金胸部,Baú de ouro
no_ads,No ADS,No ADS,No ADS,No ADS,No ADS,No ADS,No ADS,No ADS,No ADS,No ADS,No ADS
starter_pack,Стартовый пакет,Starter Pack,Anfänger Packet,Starter pack,Kit de départ,Paquete de inicio,スターターパック,스타터 팩,入門包,入门包,Pacote de iniciante
builder_kit,Набор строителя,Builder kit,builder kit,kit Builder,kit constructeur,kit de montaje,ビルダーキット,빌더 키트,建設者套件,建设者套件,kit Builder
fighter_kit,Набор бойца,Fighter kit,Kämpfer-Kit,kit Fighter,kit Fighter,kit de combate,ファイターキット,파이터 키트,戰士套裝,战士套装,kit lutador
survival_kit,Набор для выживания,Survival Kit,Überlebenskit,Kit di sopravvivenza,Kit de survie,Kit de supervivencia,サバイバルキット,구명 장비,救生包,救生包,Kit de sobrevivência
save_game,Сохранить игру,Save Game,Spiel speichern,Salva il gioco,Sauvegarder la partie,Guardar partida,ゲームを保存する,게임을 저장,保存遊戲,保存游戏,Salvar jogo
continue,Продолжить,Continue,Fortsetzen,proseguire,Continuer,Continuar,持続する,잇다,繼續,继续,Continuar
save_and_exit,Сохранить и выйти,Save and Exit,Speichern und schließen,Salva ed esci,Sauvegarder et quitter,Guardar y Salir,保存して終了,저장하고 종료,保存並退出,保存并退出,Salvar e sair
use,Использовать,Use,Benutzen,Uso,Utilisation,Utilizar,つかいます,용도,使用,使用,Usar
buy,Купить,Buy,Kaufen,Acquistare,Acheter,Comprar,購入,사다,購買,购买,Comprar
time,Время,Time,Zeit,Tempo,Temps,Hora,時間,시각,時間,时间,Tempo
yes,Да,Yes,ja,sì,Oui,Sí,はい,예,是,是,sim
no,Нет,No,Nein,No,Non,No,いいえ,아니,沒有,没有,Não
no_money,Не хватает золотых монет!,Not enough gold coins!,Not enough coins!,Not enough coins!,Not enough coins!,Not enough coins!,Not enough coins!,Not enough coins!,Not enough coins!,Not enough coins!,Not enough coins!
confrim_new_game,Вы уверены что хотите начать новую игру?\nТекущий прогресс будет утерян,Are you sure you want to start a new game?\nCurrent progress will be lost,"Sind Sie sicher, dass Sie ein neues Spiel starten? \nCurrent Fortschritt verloren gehen",Sei sicuro di voler iniziare una nuova partita? \n Sarà persa progresso nCurrent,Êtes-vous sûr de vouloir commencer un nouveau jeu? \n Progrès nCarte actuelle sera perdue,¿Seguro que desea iniciar un nuevo juego? \n Se perderá el progreso nCurrent,あなたは新しいゲームを開始してもよろしいですか？\n Currentの進行状況が失われます,당신은 당신이 새로운 게임을 시작 하시겠습니까? \nCurrent 진행이 손실됩니다,你確定要開始新遊戲？\n目前的進度將丟失,你确定要开始新游戏？\n目前的进度将丢失,Tem certeza de que quer começar um novo jogo? \n Progresso nCurrent serão perdidos
language,Язык,Language,Sprache,Lingua,La langue,Idioma,言語,언어,語言,语言,Língua
new_game,Новая игра,New Game,Neues Spiel,Nuovo gioco,Nouveau jeu,Nuevo juego,新しいゲーム,새로운 게임,新遊戲,新游戏,Novo jogo
bed_respawn_descr,Сделать точкой респауна. Если вас убьют вы будете появляться в этом месте,"Make a point of respawn. If you get killed, you will appear at this location","Machen Sie einen Punkt von Respawn. Wenn Sie getötet werden, werden Sie an dieser Stelle erscheinen","Fare un punto di respawn. Se vieni ucciso, vi apparirà in questa posizione","Faire un point de respawn. Si vous êtes tué, vous apparaîtrez dans ce lieu","Hacer un punto de reaparecer. Si te matan, que aparecerá en esta ubicación",復活のポイントを作ります。あなたが殺される場合は、この場所に表示されます,"부활의 지점을 확인합니다. 당신이 죽을 경우에, 당신은이 위치에 나타납니다",使重生的一個點。如果你被殺，你會出現在這個位置,使重生的一个点。如果你被杀，你会出现在这个位置,"Faça um ponto de respawn. Se você for morto, você vai aparecer neste local"
set,Назначить,Set,Set,Impostato,Ensemble,Conjunto,セット,세트,組,组,Conjunto
dream,Спать,Dream,Traum,Sognare,Rêver,Sueño,夢,꿈,夢想,梦想,Sonho
sleep_time,Время сна,Sleep time,Schlafenszeit,Ora di dormire,Temps de sommeil,Hora de dormir,睡眠時間,수면 시간,睡覺時間,睡觉时间,Hora de dormir
maximum,Максимум,Maximum,Maximal,Massimo,Maximum,Máximo,最大,최고,最大值,最大值,Máximo
no_place_in_inventory,Нет места в инвентаре,There is no place in the inventory,Es gibt keinen Platz im Inventar,Non c'è posto nell'inventario,Il n'y a pas de place dans l'inventaire,No hay lugar en el inventario,インベントリにない場所はありません,재고의 여지가 없다,有清單中沒有任何地方,有清单中没有任何地方,Não há lugar no inventário
replenish_energy,Пополнить энергию,Replenish energy,Füllt Energie,ricostituire l'energia,Reconstituer l'énergie,reponer la energía,エネルギーを補給,에너지를 보충,補充能量,补充能量,repor a energia
no_resource_log,Не хватает ресурсов\n{0}\n{1}\n{2} ,Not enough resources:\n{0}\n{1}\n{2},Nicht genügend Ressourcen: \n{0}\n{1}\n{2},Risorse insufficienti: \n{0}\n{1}\n{2},Pas assez de ressources: \n{0}\n{1}\n{2},No hay suficientes recursos: \n{0}\n{1}\n{2},十分でないリソース：\n{0} \n{1}\n{2},충분하지 않은 자원 : \n{0}\n{1}\n{2},沒有足夠的資源：\n{0}\n{1}\n{2},没有足够的资源：\n{0}\n{1}\n{2},recursos não é suficiente: \n{0}\n{1}\n{2}
graphics_settings,Настройки графики,Graphics settings,Grafikeinstellungen,impostazioni grafiche,paramètres graphiques,configuración de gráficos,グラフィックスの設定,그래픽 설정,圖形設置,图形设置,configurações gráficas
controller_sensitivity,Чувствительность контроллера,Controller sensitivity,Controller-Empfindlichkeit,la sensibilità del controller,la sensibilité du contrôleur,la sensibilidad del controlador,コントローラの感度,컨트롤러 감도,控制器靈敏度,控制器灵敏度,sensibilidade controlador
low,Низко,Low,Niedrig,basso,Faible,Bajo,ロー,낮은,低,低,Baixo
medium,Средне,Medium,Mittel,medio,Moyen,Medio,ミディアム,매질,中,中,Médio
high,Высоко,High,Hoch,alto,Haute,Alto,高い,높은,高,高,Alto
ultra,Ультра,Ultra,Ultra,Ultra,Ultra,Ultra,ウルトラ,극단론자,超,超,Ultra
loader_help_fire,Чтобы пожарить мясо разведите костер,Spread the fire to roast meat,Verbreiten Sie das Feuer zu Braten,Stendere il fuoco per arrosti,Étaler le feu pour rôtir la viande,Extender el fuego a la carne asada,ロースト肉に火を広げます,구운 고기에 불을 확산,火勢蔓延到烤肉,火势蔓延到烤肉,Espalhe o fogo para carne assada
loader_help_furnace,В печи можно переплавлять различную руду,The furnace can be remelted different ore,"Der Ofen kann verschiedene ore umgeschmolzen werden,",Il forno può essere rifuso minerale differente,Le four peut être refondu différent du minerai,El horno puede fundirse de mineral de diferente,炉は異なる鉱石を再溶融することができます,노 다른 광석을 재 용융 될 수있다,該爐可以重熔不同的礦石,该炉可以重熔不同的矿石,A fornalha pode ser refundido minério diferente
loader_help_bed,"На кровати вы можете спать по ночам а также назначить её точкой респауна. Если вы будете спать в небезопасном месте на вас могут напасть. Чтобы использовать кровать, разместите её на земле.","On the bed you can sleep at night and assign it a point to respawn. If you sleep in an unsafe place you may be attacked. To use the bed, place it on the ground.","Auf dem Bett kann man nachts nicht schlafen und es einen Punkt zu respawnen zuweisen. Wenn Sie in einem unsicheren Ort schlafen können Sie angegriffen werden. Um das Bett zu verwenden, legen Sie es auf den Boden.","Sul letto si può dormire la notte e assegnare un punto di respawn. Se si dorme in un luogo non sicuro si può essere attaccato. Per utilizzare il letto, posto a terra.","Sur le lit, vous pouvez dormir la nuit et lui attribuer un point de respawn. Si vous dormez dans un endroit dangereux, vous pouvez être attaqué. Pour utiliser le lit, placez-le sur le sol.","En la cama se puede dormir por la noche y asignar un punto para reaparecer. Si duerme en un lugar inseguro puede ser atacado. Para utilizar la cama, colocarlo en el suelo.",ベッドの上であなたは夜寝るし、それを復活するためのポイントを割り当てることができます。あなたは危険な場所で眠る場合は、攻撃されることがあります。ベッドを使用するには、地面の上に置きます。,"침대에 당신은 밤에 잠을 부활하기 위해 그것에게 포인트를 할당 할 수 있습니다. 당신이 안전하지 않은 장소에서 잠을 경우 공격 할 수있다. 침대를 사용하려면, 지상에 배치합니다.",在床上你可以在晚上睡覺並為其分配一個點重生。如果您在不安全的地方睡覺，你可能會被攻擊。床上使用，將其放置在地面上。,在床上你可以在晚上睡觉并为其分配一个点重生。如果您在不安全的地方睡觉，你可能会被攻击。床上使用，将其放置在地面上。,"Na cama você pode dormir à noite e atribuir-lhe um ponto para reaparecer. Se você dormir em um lugar inseguro você pode ser atacado. Para usar a cama, coloque-o no chão."
tutorial_step_1,"Сверху находятся ваши жизненные показатели - здоровье, жажда, голод и энергия.\nСледите за ними чтобы не умереть.","At the top of the screen are your vital signs - health, thirst, hunger and energy.\nWatch out for it not to die.","Am oberen Rand des Bildschirms sind Ihre Vitalfunktionen - Gesundheit, Durst, Hunger und Energie \nWatch out für sie nicht zu sterben..","Nella parte superiore dello schermo sono i segni vitali - la salute, la sete, la fame e l'energia \nWatch fuori per non morire..","En haut de l'écran sont vos signes vitaux - santé, la soif, la faim et de l'énergie \n Prudence: pour elle de ne pas mourir..","En la parte superior de la pantalla son sus signos vitales - la salud, la sed, del hambre y la energía \nWatch hacia fuera para que no muera..",画面の上部にあなたのバイタルサインをしている - 健康、のどの渇き、飢えとエネルギー\nWatchうちはそれは死ぬことはないために。,"화면 상단에서 생체 신호입니다 - 건강, 갈증, 배고픔과 에너지 \nWatch 아웃은 죽을하지 않는..",在屏幕的頂部是你的生命體徵 - 健康，口渴，飢餓和能源\nWatch出它沒有死。,在屏幕的顶部是你的生命体征 - 健康，口渴，饥饿和能源\nWatch出它没有死。,"Na parte superior da tela são os seus sinais vitais - saúde, sede, fome e energia \nwatch para ele não morrer.."
tutorial_step_2,Эта кнопка открывает инвентарь. В инвентарь помещаются все вещи которые вы добываете или создаёте,This button opens the inventory. The inventory are placed all the things that you mined or create,"Diese Schaltfläche öffnet das Inventar. Das Inventar sind all die Dinge gesetzt, die Sie gewonnen oder erstellen",Questo pulsante apre l'inventario. L'inventario è collocato tutte le cose che si minate o creati,Ce bouton ouvre l'inventaire. L'inventaire sont placées toutes les choses que vous créez ou minées,Este botón abre el inventario. El inventario se colocan todas las cosas que le minadas o crear,このボタンは、インベントリを開きます。在庫はあなたが採掘されたすべてのものを置いたり作成されています,이 버튼은 재고가 열립니다. 재고는 채광 또는 만드는 모든 것들을 배치,這個按鈕打開了庫存。庫存放在一切，你開採或創建的事情,这个按钮打开了库存。库存放在一切，你开采或创建的事情,Este botão abre o inventário. O inventário são colocadas todas as coisas que você minadas ou criar
tutorial_step_3,Эта кнопка открывает окно крафта. В данном окне вы сможете создавать и покупать различные вещи которые помогу вам выжить,This button opens the crafting. In this window you can create and buy different things that will help you survive,"Diese Schaltfläche öffnet das Crafting. In diesem Fenster können Sie erstellen und verschiedene Dinge zu kaufen, die Ihnen helfen, zu überleben",Questo pulsante apre la lavorazione. In questa finestra è possibile creare e comprare cose diverse che vi aiuterà a sopravvivere,"Ce bouton ouvre l'artisanat. Dans cette fenêtre, vous pouvez créer et acheter des choses différentes qui vous aideront à survivre",Este botón abre el hacer a mano. En esta ventana puede crear y comprar diferentes cosas que le ayudarán a sobrevivir,このボタンは、クラフトを開きます。このウィンドウでは、あなたが生き残るために役立つものを作成し、購入することができます,이 버튼은 공예를 엽니 다. 이 창에서 작성하고 당신이 살아남을 도움이 될 것입니다 다른 물건을 살 수있다,這個按鈕打開了各具特色。在這個窗口中，您可以創建和買不同的東西，這將幫助你生存,这个按钮打开了各具特色。在这个窗口中，您可以创建和买不同的东西，这将帮助你生存,"Este botão abre a elaboração. Nesta janela, você pode criar e comprar coisas diferentes que irão ajudá-lo a sobreviver"
tutorial_step_4,Это кнопка автоприцеливания. Помогает при охоте на животных,It autoguider button. It helps when hunting animals,"Es autoguider Taste. Es hilft, wenn Tiere bei der Jagd",E 'autoguida pulsante. Aiuta quando la caccia di animali,Il autoguidage bouton. Il aide à la chasse des animaux,Se autoguiador botón. Ayuda cuando la caza de animales,これは、オートガイダーボタン。動物を狩猟ときに役立ちます,그것은 오토 가이더 버튼을 누릅니다. 동물을 사냥 할 때 도움이,它自動導向按鈕。它有助於狩獵動物時,它自动导向按钮。它有助于狩猎动物时,Ele autoguider botão. Ela ajuda quando caça de animais
tutorial_step_5,Удачного выживания!,Good Luck!,Viel Glück!,In bocca al lupo!,Bonne chance!,¡Buena suerte!,がんばろう！,행운을 빕니다!,祝你好運！,祝你好运！,Boa sorte!
niche_name,Ф. Ницше,F. Nietzsche,F. Nietzsche,F. Nietzsche,F. Nietzsche,F. Nietzsche,F.ニーチェ,F. 니체,尼采,尼采,F. Nietzsche
joker_name,Джокер,Joker,Joker,Joker,Joker,Joker,ジョーカー,조커,滑稽角色,滑稽角色,Palhaço
niche_1,То что тебя не убивает делает тебя сильнее.,What does not kill you makes you stronger.,"Was dich nicht tötet, macht dich stärker.",Ciò che non ti uccide ti fortifica.,Ce qui ne vous tue pas vous rend plus fort.,Lo que no te mata te hace más fuerte.,あなたが強くなり何を殺しません。,당신을 죽이지 않는 것은 당신에게 강한 수 있습니다.,沒有能夠殺死你的會使你變得更強大。,没有能够杀死你的会使你变得更强大。,O que não mata engorda.
niche_2,"Если долго вглядываться в бездну, бездна начинает вглядываться в тебя.",When you gaze long into an abyss the abyss also gazes into you.,Wenn Sie lange in einen Abgrund blickst blickt der Abgrund auch in dich hinein.,Quando guardi a lungo in un abisso l'abisso guarda dentro di te.,Lorsque vous regardez longtemps dans un abîme l'abîme regarde aussi en vous.,Cuando se mira de largo en un abismo el abismo también mira dentro de ti.,あなたは奈落の底に長い眺めるとき深淵もまたあなたに見つめ。,당신이 심연으로 긴 시선 때 심연 또한 당신으로 바라본 다.,當你凝視長萬丈深淵深淵也注視著你。,当你凝视长万丈深渊深渊也注视着你。,Quando você olha por muito tempo em um abismo o abismo também olha para dentro de você.
joker_1,То что тебя не убивает делает тебя страннее.,What does not kill you simply makes you stranger.,"Was Sie nicht tötet, macht einfach fremd.",Ciò che non ti uccide ti rende semplicemente sconosciuto.,Qu'est-ce qui ne tue pas vous rend tout simplement inconnu.,Lo que no te mata simplemente te hace extraño.,あなたは単にあなたが見知らぬ人になり何を殺しません。,당신을 죽이지 않는 것은 단순히 당신에게 낯선 사람을 만든다.,那些殺不死你只會讓你變得陌生。,那些杀不死你只会让你变得陌生。,O que não mata te deixa mais estranho.
intro_1,"Я часто шутил, что хочу чтобы после смерти меня похоронили в море. Кто мог подумать что моё желание сбудется так скоро.",I often joked that I wanted to after the death of me was buried at sea. Who would have thought that my wish will come true so soon,"Ich scherzte oft, dass ich nach dem Tod von mir wollte, war auf See bestattet. Wer hätte gedacht, dass mein Wunsch wahr werden so bald","Mi capita spesso scherzato sul fatto che ho voluto, dopo la mia morte fu sepolto in mare. Chi avrebbe mai pensato che il mio desiderio si avvererà così presto",Je me suis souvent plaisanté que je voulais après la mort de moi a été enterré en mer. Qui aurait pensé que mon vœu se réalisera si tôt,A menudo en broma que quería después de la muerte de mí fue enterrado en el mar. ¿Quién habría pensado que mi deseo se hará realidad tan pronto,私は頻繁に私は私の死が海に埋葬された後に望んでいたこと冗談を言いました。誰が私の願いがこんなに早く叶うことを思っただろう,나는 종종 내가 내 죽음이 바다에 매장 된 이후에 원 농담. 누가 내 소원이 이렇게 빨리 이루어질 것이라고 생각했을 것이다,我經常開玩笑說，我想我死了，葬在後海。誰曾想到，我的願望會這麼快就成真,我经常开玩笑说，我想我死了，葬在后海。谁曾想到，我的愿望会这么快就成真,Eu sempre brinquei que eu queria depois da morte de me foi sepultado no mar. Quem teria pensado que o meu desejo se tornará realidade tão cedo
intro_2,"Вот только оказалось что я не умер, а впал в летаргический сон.",But I did not die. I fell into a lethargic sleep.,Aber ich habe nicht sterben. Ich fiel in einen lethargischen Schlaf.,Ma io non sono morto. Sono caduto in un sonno letargico.,Mais je ne suis pas mort. Je suis tombé dans un sommeil léthargique.,Pero no morí. Caí en un sueño letárgico.,しかし、私は死んではいません。私は無気力眠りに落ちました。,그러나 나는 죽지 않았다. 나는 무기력 잠에 빠졌다.,但我沒死。我陷入了昏睡。,但我没死。我陷入了昏睡。,Mas eu não morri. Eu caí em um sono letárgico.
intro_3,Не знаю как долго я плавал в море прежде чем проснуться.,I do not know how long I drifted before I woke up.,"Ich weiß nicht, wie lange ich trieb, bevor ich aufwachte.",Non so quanto tempo ho alla deriva prima che mi sono svegliato.,Je ne sais pas combien de temps je dérivais avant que je me suis réveillé.,No sé cuánto tiempo me quedaba antes de que despertara.,私は目が覚めた前に私が漂っどのくらいか分かりません。,나는 일어났다 전에 나는 표류 얼마나 오래 모르겠어요.,我不知道多久，我漸漸之前，我就醒了。,我不知道多久，我渐渐之前，我就醒了。,Eu não sei quanto tempo eu mergulhei antes de eu acordar.
shovel,Лопата,Shovel,Schaufel,pala,Pelle,Pala,シャベル,삽,鏟,铲,Pá
shovel_descr,Используется для добычи песка и глины с земли,It is used for the mine of sand and clay from ground,"Es wird für die Gewinnung von Sand und Ton verwendet,",Viene utilizzato per l'estrazione di sabbia e argilla,Il est utilisé pour l'extraction de sable et de l'argile,Se utiliza para la extracción de arena y arcilla,これは、砂と粘土の抽出のために使用されます,그것은 모래와 점토의 추출에 사용되는,它用於砂和粘土的提取,它用于砂和粘土的提取,É usado para a extracção de areia e argila
sand_resource,Песок,Sand,Sand,Sabbia,Le sable,Arena,砂,모래,砂,砂,Areia
clay_resource,Глина,Clay,Lehm,Argilla,Argile,Arcilla,粘土,점토,粘土,粘土,Argila
ground_resource,Земля,Black earth,Schwarzerde,terra nera,terre noire,tierra Negro,黒土層,블랙 지구,黑土,黑土,A terra preta
brick,Кирпич,Brick,Ziegel,mattone,Brique,Ladrillo,ブリック,벽돌,磚,砖,Tijolo
brick_descr,Получается путём переплавки глины в печи. Используется для постройки кирпичных зданий,It is obtained by melting the clay oven. Used for the construction of brick buildings,Ziegel,mattone,Brique,Ladrillo,ブリック,벽돌,磚,砖,Ela é obtida por fusão no forno de argila. Usado para a construção de edifícios de tijolos
glass_fragments,Фрагменты стекла,Glass fragments,Glassplitter,frammenti di vetro,Éclats de verre,fragmentos de cristal,ガラスの破片,유리 조각,玻璃碎片,玻璃碎片,fragmentos de vidro
glass_fragments_descr,Получаются путём переплавки песка в печи. Фрагменты стекла,It is obtained by melting the sand oven. Glass fragments,Glassplitter,frammenti di vetro,Éclats de verre,fragmentos de cristal,ガラスの破片,유리 조각,玻璃碎片,玻璃碎片,Ela é obtida por fusão no forno de areia. fragmentos de vidro
brick_ceiling,Кирпичный потолок,Brick Ceiling,Holzdecke,in legno del soffitto,plafond en bois,techo de madera,木製の天井,목조 천장,木製天花板,木制天花板,teto de madeira
brick_ceiling_descr,Устанавливается над первым и остальными этажами здания,Set on the first and the other floors of the building,Auf den Ersten und den Anderen Stockwerken des Gebäudes,Situato al primo e Gli Altri Piani dell'edificio,Situé sur la première et les autres étages du bâtiment,Situado en la primera y los otros pisos del edificio,建物の第一および他の階に設定,제 1 및 건물의 다른 층에 집합,設置在第一和建築物的其它樓層,设置在第一和建筑物的其它楼层,Localizado no primeiro e os outros pisos do edifício
brick_foundation,Кирпичное основание,Brick Foundation,Holz-Stiftung,Fondazione di legno,Fondation en bois,Fundación de madera,木製財団,나무 재단,木製基金會,木制基金会,Fundação de madeira
brick_foundation_descr,Служит основанием для установки остальных конструкций,It serves as the basis for the installation of the remaining structures,Es Dient als Basis für Montage der verbleibenden Strukturen sterben,Essa servire venire di base per l'Installazione delle restanti Strutture,Elle sert de base pour la mise en place des structures restantes,"Además, es la base para la instalación de las estructuras restantes",これは、残りの構造物の設置のための基礎として機能します,그것은 나머지 구조물의 설치를위한 기초 역할,它作為用於安裝的剩餘的結構的基礎,它作为用于安装的剩余的结构的基础,Ele serve como a base para a instalação das estruturas restantes
brick_wall,Кирпичная стена,Brick Wall,Hölzerne Wand,Parete di Legno,mur en bois,Pared de madera,木製の壁,나무 벽,木牆,木墙,parede de madeira
brick_wall_descr,Можно установить только на основание,Can be set only on the foundation,Kann nur Auf dem Fundament Gesetzt Werden,Puo Essere impostato solista Sulla Fondazione,Peut être réglé uniquement sur la base,Puede ajustarse solamente en el fundamento,基盤の上にのみ設定することができます,기초에서만 설정할 수 있습니다,可以的基礎上只設置,可以的基础上只设置,Pode ser definido apenas na fundação
brick_wall_door,Кирпичный дверной проём,Brick Doorway,Hölzerne Tür,Porta in legno,Doorway bois,Umbral de madera,木製の戸口,나무 출입구,門口木,门口木,input Madeira
brick_wall_door_descr,Можно установить только на основание,Can be set only on the foundation,Kann nur Auf dem Fundament Gesetzt Werden,Puo Essere impostato solista Sulla Fondazione,Peut être réglé uniquement sur la base,Puede ajustarse solamente en el fundamento,基盤の上にのみ設定することができます,기초에서만 설정할 수 있습니다,可以的基礎上只設置,可以的基础上只设置,Pode ser definido apenas na fundação
brick_wall_window,Кирпичный оконный проём,Brick Window,Holzfenster,finestra in legno,fenêtre en bois,ventana de madera,木製窓,나무 창,木製窗,木制窗,Indicador de madeira
brick_wall_window_descr,Можно установить только на основание,Can be set only on the foundation,Kann nur Auf dem Fundament Gesetzt Werden,Puo Essere impostato solista Sulla Fondazione,Peut être réglé uniquement sur la base,Puede ajustarse solamente en el fundamento,基盤の上にのみ設定することができます,기초에서만 설정할 수 있습니다,可以的基礎上只設置,可以的基础上只设置,Pode ser definido apenas na fundação
brick_stairs,Кирпичная лестница,Brick Stairs,Holztreppen,Scale di Legno,Escaliers en bois,Escaleras de madera,木の階段,나무 계단,木製樓梯,木制楼梯,Escadas de madeira
brick_stairs_descr,Служит для перемещения между этажами,Use it for moves between floors,Verwenden Sie es für bewegt Sich Zwischen den Etagen,Usalo per spostamenti Tra i Piani,Utilisez-le pour les déplacements entre les étages,Utilizarlo para los movimientos entre los pisos,フロア間の移動のためにそれを使用します,바닥 사이의 이동을 위해 사용,使用它的地板之間移動,使用它的地板之间移动,Use-o Pará se movimento pisos between
glass_ceiling,Стеклянный потолок,Glass Ceiling,Holzdecke,in legno del soffitto,plafond en bois,techo de madera,木製の天井,목조 천장,木製天花板,木制天花板,teto de madeira
glass_ceiling_descr,Устанавливается над первым и остальными этажами здания,Set on the first and the other floors of the building,Auf den Ersten und den Anderen Stockwerken des Gebäudes,Situato al primo e Gli Altri Piani dell'edificio,Situé sur la première et les autres étages du bâtiment,Situado en la primera y los otros pisos del edificio,建物の第一および他の階に設定,제 1 및 건물의 다른 층에 집합,設置在第一和建築物的其它樓層,设置在第一和建筑物的其它楼层,Localizado no primeiro e os outros pisos do edifício
glass_wall,Стеклянная стена,Glass Wall,Hölzerne Wand,Parete di Legno,mur en bois,Pared de madera,木製の壁,나무 벽,木牆,木墙,parede de madeira
glass_wall_descr,Можно установить только на основание,Can be set only on the foundation,Kann nur Auf dem Fundament Gesetzt Werden,Puo Essere impostato solista Sulla Fondazione,Peut être réglé uniquement sur la base,Puede ajustarse solamente en el fundamento,基盤の上にのみ設定することができます,기초에서만 설정할 수 있습니다,可以的基礎上只設置,可以的基础上只设置,Pode ser definido apenas na fundação
wood_street_stairs,Порог,Doorstep,Eingangsstufe,gradino della porta,Seuil de porte,Peldaño,玄関前の階段,문앞,門階,门阶,porta
wood_street_stairs_descr,Устанавливается у основания. Предназначен для более удобного входа в дом,Set at the foundation. Designed for easy entry into the house,Stellen Sie bei der Gründung. Für einen einfachen Einstieg in das Haus,Situato alla base. Progettato per un facile ingresso in casa,Situé à la base. Conçu pour faciliter l'entrée dans la maison,Fijado en la base. Diseñado para facilitar la entrada en la casa,基盤で設定します。家の中に簡単に入力するために設計されました,기초에서 설정합니다. 집에 쉽게 진입을위한 설계,設置的基礎。設計便於進入房子,设置的基础。设计便于进入房子,Situado no fundamento. Projetado para fácil entrada na casa
garden_bed,Грядка,Garden Bed,Gartenbett,letto da giardino,Garden Bed,Cama de jardín,ガーデンベッド,정원 침대,花園床,花园床,Garden Bed
garden_bed_descr,Используется для выращивания семян,"It is used for growing seeds,It is used for growing seeds","Es ist für den Anbau von Samen verwendet wird, wird es für den Anbau von Samen verwendet","E 'utilizzato per la coltivazione di semi, è usato per i semi che crescono","Il est utilisé pour les semences de plus en plus, il est utilisé pour les semences de culture","Se utiliza para las semillas en crecimiento, se utiliza para las semillas en crecimiento",これは、種子を成長させるために使用され、これは、成長種のために使用されます,"그것은 씨앗을 성장에 사용되는, 그것은 성장하는 씨앗에 사용됩니다",它被用於種植種子，它是用於生長的種子,它被用于种植种子，它是用于生长的种子,"É utilizado para o cultivo de sementes, é usado para sementes em crescimento"
plant_description,Выберите семена для посадки,Select seeds for planting,Wählen Sie Samen zum Anpflanzen,Selezionare i semi per la semina,Sélectionnez semences pour les semis,Seleccionar las semillas para la siembra,植栽の種を選択,심기를 선택 씨앗,種植種子選擇,种植种子选择,Seleccione sementes para o plantio
required_amount,Необходимое количество,Required amount,Erforderliche Menge,quantità necessaria,montant requis,Cantidad requerida,必要な量,필요한 양,所需金額,所需金额,quantidade necessária
carrot,Морковь,Carrot,Karotte,Carota,Carotte,Zanahoria,ニンジン,당근,胡蘿蔔,胡萝卜,Cenoura
carrot_withered,Сгнившая морковь,Rotten carrot,Rotten Karotte,carota Rotten,carotte Rotten,zanahoria podrida,腐ったニンジン,썩은 당근,胡蘿蔔爛,胡萝卜烂,cenoura podre
carrot_seed,Семечка моркови,Carrot seed,Karottensamen,semi di carota,graine de carotte,semilla de zanahoria,キャロットシード,당근 씨앗,胡蘿蔔種子,胡萝卜种子,sementes de cenoura
carrot_seed_descr,Используется для выращивания моркови,It is used for growing carrots,Es ist für den Anbau von Karotten verwendet,E 'utilizzato per la coltivazione di carote,Il est utilisé pour pousser des carottes,Se utiliza para el crecimiento de las zanahorias,これは、成長人参のために使用されます,그것은 성장하는 당근에 사용됩니다,它被用於種植胡蘿蔔,它被用于种植胡萝卜,Ele é usado para as cenouras crescimento
corn,Кукуруза,Corn,Mais,Mais,Blé,maiz,トウモロコシ,옥수수,玉米,玉米,milho
corn_withered,Сгнившая кукуруза,Rotten corn,Rotten Mais,mais Rotten,maïs Rotten,maíz podrido,腐ったトウモロコシ,썩은 옥수수,爛穀子,烂谷子,milho podre
popcorn,Попкорн,Popcorn,Popcorn,Popcorn,Pop corn,Palomitas de maiz,ポップコーン,팝콘,爆米花,爆米花,Pipoca
corn_seed,Семечка кукурузы,Corn seed,Maissaatgut,sementi di mais,Les semences de maïs,semillas de maíz,トウモロコシの種子,옥수수 종자,玉米種子,玉米种子,sementes de milho
corn_seed_descr,Используется для выращивания кукурузы,It is used for growing corn,"Es ist für den Anbau von Mais verwendet,",E 'utilizzato per la coltivazione di mais,Il est utilisé pour la culture du maïs,Se utiliza para el cultivo de maíz,これは、成長トウモロコシのために使用されます,그것은 성장하는 옥수수에 사용됩니다,它用於種植玉米,它用于种植玉米,Ele é usado para o cultivo de milho
pumpkin,Тыква,Pumpkin,Kürbis,Zucca,Citrouille,Calabaza,パンプキン,호박,南瓜,南瓜,Abóbora
pumpkin_withered,Сгнившая тыква,Rotten pumpkin,Rotten Kürbis,zucca Rotten,citrouille Rotten,calabaza podrida,腐ったカボチャ,썩은 호박,爛南瓜,烂南瓜,abóbora podre
pumpkin_seed,Семечка тыквы,Pumpkin seed,Kürbissamen,Seme di zucca,Graine de citrouille,Semilla de calabaza,カボチャの種,호박씨,南瓜種子,南瓜种子,Semente de abóbora
pumpkin_seed_descr,Используется для выращивания тыквы,It is used for growing pumpkin,"Es ist für den Anbau von Kürbis verwendet,",E 'utilizzato per la coltivazione della zucca,Il est utilisé pour la citrouille croissante,Se utiliza para el cultivo de calabaza,これは、成長カボチャに使用され,이는 성장에 사용되는 호박,它是用於生長南瓜,它是用于生长南瓜,É usado para a abóbora que cresce
watermelon,Арбуз,Watermelon,Wassermelone,Anguria,Pastèque,Sandía,スイカ,수박,西瓜,西瓜,Melancia
watermelon_withered,Сгнивший арбуз,Rotten watermelon,Rotten Wassermelone,anguria Rotten,pastèque Rotten,sandía podrida,腐ったスイカ,썩은 수박,爛西瓜,烂西瓜,melancia podre
watermelon_seed,Семечка арбуза,Watermelon seed,Wassermelone Samen,semi di anguria,graine de pastèque,semilla de sandía,スイカの種,박 씨,西瓜種子,西瓜种子,semente de melão
watermelon_seed_descr,Используется для выращивания арбуза,It is used for growing watermelon,Es ist für den Anbau von Wassermelone verwendet,E 'utilizzato per la coltivazione di cocomero,Il est utilisé pour la croissance de pastèque,Se utiliza para el cultivo de sandía,これは、成長スイカのために使用されます,이는 성장에 사용되는 박,它是用於生長西瓜,它是用于生长西瓜,Ele é usado para o cultivo de melancia
cabbage,Капуста,Cabbage,Kohl,Cavolo,Chou,Repollo,キャベツ,양배추,捲心菜,卷心菜,Repolho
cabbage_withered,Сгнившая капуста,Rotten cabbage,Rotten Kohl,cavolo marcio,chou Rotten,col podrida,腐ったキャベツ,썩은 양배추,爛白菜,烂白菜,repolho podre
cabbage_seed,Семечка капусты,Cabbage seed,Kohlsamen,di semi di cavolo,graines de chou,semillas de col,キャベツの種子,양배추 씨앗,白菜種子,白菜种子,sementes de repolho
cabbage_seed_descr,Используется для выращивания капусты,It is used for growing cabbage,Es ist für den Anbau von Kohl verwendet,E 'utilizzato per la coltivazione di cavolo,Il est utilisé pour la croissance du chou,Se utiliza para el cultivo de la col,これは、成長キャベツのために使用されます,그것은 성장 양배추에 사용됩니다,它是用於生長捲心菜,它是用于生长卷心菜,Ele é usado para o cultivo de repolho
strawberry,Клубника,Strawberry,Erdbeere,fragola,fraise,fresa,イチゴ,딸기,草莓,草莓,morango
strawberry_withered,Сгнившая клубника,Rotten strawberry,Rotten Erdbeere,fragola Rotten,fraise Rotten,fresa podrida,腐ったイチゴ,썩은 딸기,爛草莓,烂草莓,morango rotten
strawberry_seed,Семечка клубники,Strawberry seed,Strawberry Samen,di semi di fragola,graine de fraise,la semilla de la fresa,イチゴ種子,딸기 씨앗,草莓種子,草莓种子,sementes de morango
strawberry_seed_descr,Используется для выращивания клубники,It is used for growing strawberry,Es ist für den Anbau von Erdbeeren verwendet,E 'utilizzato per la coltivazione di fragole,Il est utilisé pour la fraise de plus en plus,Se utiliza para el cultivo de la fresa,これは、成長イチゴのために使用されます,이는 성장에 사용되는 딸기,它被用於種植草莓,它被用于种植草莓,Ele é usado para o cultivo de morango
harvest,Собрать,Harvest,Ernte,Raccolto,Récolte,Cosecha,収穫,수확,收成,收成,Colheita
plant,Посадить,Plant,Pflanze,pianta,Plante,Planta,工場,식물,廠,厂,Plantar
fishrod,Удочка,Fishrod,Fishrod,Fishrod,Fishrod,Fishrod,Fishrod,Fishrod,Fishrod,Fishrod,Fishrod
fishrod_descr,Используется для ловли рыбы,It is used for fishing,Es ist für die Fischerei,Viene utilizzato per la pesca,Il est utilisé pour la pêche,Se utiliza para la pesca,これは、釣りのために使用されます,이는 낚시에 사용,它是用於釣魚,它是用于钓鱼,Ele é usado para a pesca
manure,Навоз,Manure,Düngen,Letame,Fumier,Estiércol,肥料,비료,肥料,肥料,Estrume
loader_help_garden_bed,Если долго не собирать созревший урожай с грядки он пропадёт,If you do not remove from the garden harvest ripened for a long time it will deteriorate,Wenn Sie nicht aus dem Garten Ernte für eine lange Zeit gereift zu entfernen wird es sich verschlechtern,Se non si rimuove dalla raccolta giardino maturo per lungo tempo si deteriora,"Si vous ne retirez pas de la récolte de jardin mûri pendant une longue période, il va se détériorer",Si no se retiran de la cosecha de jardín madurado durante mucho tiempo se deteriorará,あなたが長い間熟成庭の収穫から削除しないとそれが劣化します,장시간 숙성 정원 수확에서 제거하지 않으면이 저하됩니다,如果不從花園收穫成熟的很長一段時間將其刪除將惡化,如果不从花园收获成熟的很长一段时间将其删除将恶化,Se você não remover a partir da colheita jardim amadurecido por um longo tempo ele irá deteriorar-se
confrim_exit_game,Вы уверены что хотите выйте из игры?,Are you sure you want to exit game?,"Sind Sie sicher, dass Sie Spiel zu beenden?",Sei sicuro di voler uscire gioco?,Êtes-vous sûr de vouloir quitter jeu?,¿Está seguro de que desea salir del juego?,あなたがゲームを終了してもよろしいですか？,당신은 게임을 종료 하시겠습니까?,你確定要退出遊戲？,你确定要退出游戏？,Tem certeza de que deseja sair do jogo?
connect,Подключиться,Connect
invite_friends,Пригласить друзей,Invite Friends
to_cloud,Сохранить в облако,Save to Cloud
from_cloud,Загрузить из облака,Load from Cloud
barrel,Бочка,Barrel
barrel_descr,"Используется для добычи воды. Поставьте бочку на открытом пространстве и во время дождя она будет наполняться водой","It is used for water production. Place the barrel on the open space and in the rain, it will be filled with water"
drink,Пить,Drink
place_only_wall,"Можно размещать только на стенах вашего дома","It may only be placed on the walls of your home"
torch_on_wall,"Настенный факел","Wall torch"
torch_on_wall_descr,"Служит для освещения помещений. Можно устанавливать только на стены построенного вами дома.","It used to illuminate the premises. You can set only on the walls of the house you built."
picture,Картина,Picture
wall_place_descr,"Можно устанавливать только на стены построенного вами дома","You can set only on the walls of the house you built"
crossbow,Арбалет,Crossbow
crossbow_descr,"Используется для атаки противника с дальнего расстояния. Наносит сильный урон и имеет высокую прочность","Used to attack the enemy from a distance. It inflicts heavy damage and has a high strength"
crossbow_arrow,Арбалетная стрела,Crossbow arrow
crossbow_arrow_descr,Используется для стрельбы из арбалета,Used for firing a crossbow
no_arrows,Нет стрел,No arrows
free,Бесплатно,Free,Free,Free,Free,Free,Free,Free,Free,Free,Free
loader_help_picture,"Купив картины в магазине вы можете разместить их на стены вашего дома и сделать ваш уголок ещё более уютным","Having bought the painting in a store, you can place them on the walls of your home and make your home even more comfortable"
loader_help_barrel,"Разместите бочку на открытом пространстве и во время дождя она будет наполняться водой","Place the barrel on the open space and in the rain, it will be filled with water"